{
    "data": [
        {
            "id": 1,
            "name": "Маршрут №1",
            "point1": [
                59.84660399,
                30.29496392
            ],
            "point2": [
                59.82934196,
                30.42423701
            ],
            "point3": [
                59.83567701,
                30.38064206
            ]
        },
        {
            "id": 2,
            "name": "Маршрут №2",
            "point1": [
                59.84660399,
                30.29496392
            ],
            "point2": [
                59.82934196,
                30.42423701
            ],
            "point3": [
                59.82934196,
                30.42423701
            ]
        },
        {
            "id": 3,
            "name": "Маршрут №3",
            "point1": [
                59.84660399,
                30.29496392
            ],
            "point2": [
                59.82934196,
                30.42423701
            ],
            "point3": [
                59.82934196,
                30.42423701
            ]
        }
    ]
}